http://felipefialho.netlify.com/* http://www.felipefialho.com/:splat 301!
http://felipefialho-piano.netlify.com/* http://piano.felipefialho.com/:splat 301!
http://css-components.netlify.com/* http://css-components.felipefialho.com/:splat 301!
http://despolitizador.netlify.com/* http://despolitizador.felipefialho.com/:splat 301!
http://frontendbr-survey-2016.netlify.com/* http://survey.felipefialho.com/:splat 301!

/piano/ https://piano.felipefialho.com/ 301
/survey/ https://survey.felipefialho.com/ 301
/despolitizador/ https://despolitizador.felipefialho.com/ 301
/css-components/ https://css-components.felipefialho.com/ 301

/blog/2013/geradores-estaticos-breve-explicacao /blog/geradores-estaticos-breve-explicacao/ 301

/blog/2013/grunt-voce-deveria-estar-usando /blog/grunt-voce-deveria-estar-usando/ 301

/blog/2013/sobre-organizacao-de-componentes-com-pre-processadores /blog/sobre-organizacao-de-componentes-com-pre-processadores/ 301

/blog/2013/um-conto-sobre-componentizacao-e-quebra-de-paradigmas /blog/um-conto-sobre-componentizacao-e-quebra-de-paradigmas/ 301

/blog/2013/tutorial-botao-de-progresso /blog/tutorial-botao-de-progresso/ 301

/blog/2013/tutorial-tabela-responsiva /blog/tutorial-tabela-responsiva/ 301

/blog/2013/usando-height-com-css-transitions /blog/usando-height-com-css-transitions/ 301

/blog/2014/nao-use-placeholder-no-lugar-da-label /blog/nao-use-placeholder-no-lugar-da-label/ 301

/blog/2014/css-modular-com-mobile-first /blog/css-modular-com-mobile-first/ 301

/blog/2014/e-possivel-utilizar-componentes-desenvolvidos-apenas-com-css /blog/e-possivel-utilizar-componentes-desenvolvidos-apenas-com-css/ 301

/blog/2014/sobre-data-atributes-e-javascript /blog/sobre-data-atributes-e-javascript/ 301

/blog/2014/utilizando-o-bootstrap-de-forma-consistente /blog/utilizando-o-bootstrap-de-forma-consistente/ 301

/blog/2014/5-anos-atras-eu-me-tornava-o-menino-do-html /blog/5-anos-atras-eu-me-tornava-o-menino-do-html/ 301

/blog/2014/estamos-realmente-interessados-em-formar-bons-profissionais /blog/estamos-realmente-interessados-em-formar-bons-profissionais

/blog/2014/falando-em-organizacao-parte-1 /blog/falando-em-organizacao-parte-1-falando-em-organizacao-parte-1/ 301

/blog/falando-em-organizacao-css /blog/falando-em-organizacao-css/ 301

/blog/2015/meu-dia-a-dia-como-dev-frontend /blog/meu-dia-a-dia-como-dev-frontend/ 301

/blog/2015/aproximando-seus-estudos-de-cenarios-reais /blog/aproximando-seus-estudos-de-cenarios-reais/ 301

/blog/2015/sobre-trabalhar-remoto /blog/015-06-10-sobre-trabalhar-remoto/ 301

/blog/2015/otimizando-e-organizando-as-media-querie /blog/otimizando-e-organizando-as-media-queries/ 301

/blog/2015/uma-reflexao-sobre-salarios-valor-hora-e-qualidade-de-vid /blog/uma-reflexao-sobre-salarios-valor-hora-e-qualidade-de-vida/ 301

/blog/2015/apresento-o-rucksack /blog/apresento-o-rucksack/ 301

/blog/2016/porque-developers-devem-ir-em-eventos /blog/porque-developers-devem-ir-em-eventos/ 301

/blog/2016/dark-theme-no-dev-tools /blog/dark-theme-no-dev-tools/ 301

/blog/2016/do-zero-a-heroi-do-front-end-parte-1 /blog/do-zero-a-heroi-do-front-end-parte-1/ 301

/blog/2016/do-zero-a-heroi-do-front-end-parte-2 /blog/do-zero-a-heroi-do-front-end-parte-2/ 301

/blog/2016/sobre-inspirar-pessoas-com-suas-iniciativas /blog/sobre-inspirar-pessoas-com-suas-iniciativas/ 301

/blog/2016/sobre-wai-aria-acessibilidade-e-semantica /blog/sobre-wai-aria-acessibilidade-e-semantica/ 301

/blog/2016/porque-usar-classes-para-estilizar-elementos /blog/porque-usar-classes-para-estilizar-elementos/ 301

/blog/2016/css-o-fodastico-not /blog/css-o-fodastico-not/ 301

/blog/2016/retrospectiva-2016 /blog/retrospectiva-2016/ 301

/blog/2017/css-usando-white-space-nowrap-para-fallbacks-incriveis /blog/css-usando-white-space-nowrap-para-fallbacks-incriveis/ 301

/blog/2017/o-inicio-o-fim-e-o-meio-do-desenvolvimento-front-end /blog/o-inicio-o-fim-e-o-meio-do-desenvolvimento-front-end/ 301

/blog/2017/a-motivacao-desmotivacional-no-mundo-do-desenvolvimento /blog/a-motivacao-desmotivacional-no-mundo-do-desenvolvimento/ 301

/blog/2017/como-foi-trabalhar-no-meu-primeiro-produto-e-a-sensacao-de-entregar-o-mvp /blog/como-foi-trabalhar-no-meu-primeiro-produto-e-a-sensacao-de-entregar-o-mvp/ 301

/blog/2017/15-coisas-que-faria-se-estivesse-iniciando-minha-carreira-como-desenvolvedor /blog/15-coisas-que-faria-se-estivesse-iniciando-minha-carreira-como-desenvolvedor/ 301

/blog/2017/usando-o-terminal-do-linux-no-windows /blog/usando-o-terminal-do-linux-no-windows/ 301

/blog/2017/desenvolvedoras-e-desenvolvedores-do-meu-brasil-compartilhem-conhecimento /blog/desenvolvedoras-e-desenvolvedores-do-meu-brasil-compartilhem-conhecimento/ 301

/blog/2017/retrospectiva-2017 /blog/retrospectiva-2017/ 301

/blog/2018/meu-dia-a-dia-como-desenvolvedor-em-2018 /blog/meu-dia-a-dia-como-desenvolvedor-em-2018/ 301

/blog/2018/como-contribuir-com-open-source /blog/como-contribuir-com-open-source/ 301

/blog/2019/como-foi-o-desenvolvimento-front-end-em-2018-e-o-que-esperar-para-2019 /blog/como-foi-o-desenvolvimento-front-end-em-2018-e-o-que-esperar-para-2019/ 301

/blog/2019/100-dicas-sobre-desenvolvimento-front-end /blog/100-dicas-sobre-desenvolvimento-front-end/ 301
